cat,nfor,ndefor,rate
1,393325,29500,0.007766013410273387
2,250,114,0.059064422245404646
