cat,nfor,ndefor,rate
1,392566,29093,0.007670397162890086
2,836,391,0.06110857340810305
3,153,115,0.13002010445249856
4,10,6,0.08755646344451917
5,7,6,0.17682874600695575
6,1,1,1.0
7,0,0,
8,0,0,
9,2,2,1.0
