cat,nfor,ndefor,rate
1,393121,29418,0.00774781494572363
2,406,148,0.04432688800998308
3,48,48,1.0
