cat,nfor,ndefor,rate
1,392894,29283,0.007715604776784124
2,612,262,0.05434731014696159
3,69,69,1.0
