cat,nfor,ndefor,rate
1,393414,29555,0.007779190510427414
2,161,59,0.044617175208751636
