cat,nfor,ndefor,rate
1,286897,0,0.0
2,13768,227,0.0016611127133923098
3,13355,603,0.004609615411770074
4,13261,791,0.0061312901552005306
5,13812,1518,0.011575130788603283
6,13050,2434,0.020430984032440702
7,13141,4261,0.038435425138166335
8,13074,7537,0.08232985190801057
9,13217,12243,0.22955328693088872
