cat,nfor,ndefor,rate
1,393396,29557,0.007780104690891743
2,179,57,0.03761093452369446
