cat,nfor,ndefor,rate
1,361904,7766,0.002166880478294053
2,12770,5856,0.0595107240968078
3,6490,4379,0.10623292135671092
4,3119,2543,0.15542015960877786
5,1492,1342,0.20524687620953053
6,840,789,0.24433538025668888
7,476,457,0.2753727450970095
8,168,166,0.35794523801272426
9,12,12,1.0
10,0,0,
11,0,0,
12,0,0,
13,0,0,
14,0,0,
15,0,0,
16,0,0,
17,0,0,
18,0,0,
19,0,0,
20,0,0,
21,0,0,
22,0,0,
23,0,0,
24,0,0,
25,0,0,
26,0,0,
27,0,0,
28,0,0,
29,0,0,
30,6304,6304,1.0
