cat,nfor,ndefor,rate
1,392847,29185,0.007689816732169286
2,589,320,0.07537911580264478
3,130,101,0.13931256158401173
4,9,8,0.1972584382397693
