cat,nfor,ndefor,rate
1,393442,29570,0.007782707115785215
2,133,44,0.03937510678276612
