cat,nfor,ndefor,rate
1,392809,29228,0.00770232220846323
2,673,310,0.059867305705749385
3,91,74,0.15444715933586006
4,2,2,1.0
