cat,nfor,ndefor,rate
1,393292,29464,0.007756870002311178
2,283,150,0.07272933538196347
